[
    {
        "timestamp": "2025-05-31T09:23:31.007768",
        "filename": "hlo.txt",
        "file_hash": "3dd97f92b4b01bd76661ca78543f20bbc0df4a2981f33049619a31e59c9a1422",
        "result": {
            "malicious": 0,
            "harmless": 0,
            "suspicious": 0,
            "undetected": 0,
            "virus_details": [],
            "message": "Scan results found for file."
        }
    },
    {
        "timestamp": "2025-05-31T09:23:27.645916",
        "filename": "hlo.txt",
        "file_hash": "3dd97f92b4b01bd76661ca78543f20bbc0df4a2981f33049619a31e59c9a1422",
        "result": {
            "malicious": 0,
            "virus_details": [],
            "message": "File uploaded to VirusTotal for scanning. Check back later for results."
        }
    },
    {
        "timestamp": "2025-05-30T20:16:46.280856",
        "filename": "test.txt",
        "file_hash": "7c93201b4646cbbdf7570a16c61653101801aec71ce9caa8125485f5a3fb8884",
        "result": {
            "malicious": 21,
            "harmless": 0,
            "suspicious": 0,
            "undetected": 41,
            "virus_details": [
                {
                    "engine": "Lionic",
                    "type": "Test.Script.Eicar.y!c"
                },
                {
                    "engine": "CTX",
                    "type": "txt.unknown.eicar"
                },
                {
                    "engine": "CAT-QuickHeal",
                    "type": "cld.script.trojan.1740245006"
                },
                {
                    "engine": "Zillya",
                    "type": "EICAR.TestFile"
                },
                {
                    "engine": "K7AntiVirus",
                    "type": "EICAR_Test_File"
                },
                {
                    "engine": "K7GW",
                    "type": "EICAR_Test_File"
                },
                {
                    "engine": "Baidu",
                    "type": "Win32.Test.Eicar.a"
                },
                {
                    "engine": "TrendMicro-HouseCall",
                    "type": "Eicar_test_1"
                },
                {
                    "engine": "ViRobot",
                    "type": "EICAR-test"
                },
                {
                    "engine": "Rising",
                    "type": "Virus.EICARTestFile!1.103DB (CLASSIC)"
                },
                {
                    "engine": "TrendMicro",
                    "type": "Eicar_test_1"
                },
                {
                    "engine": "Sophos",
                    "type": "EICAR-AV-Test"
                },
                {
                    "engine": "Ikarus",
                    "type": "EICAR-Test-File"
                },
                {
                    "engine": "Varist",
                    "type": "EICAR_Test_File!Camelot"
                },
                {
                    "engine": "Antiy-AVL",
                    "type": "TestFile/Win32.EICAR"
                },
                {
                    "engine": "SUPERAntiSpyware",
                    "type": "NotAThreat.EICAR[TestFile]"
                },
                {
                    "engine": "ZoneAlarm",
                    "type": "EICAR-AV-Test"
                },
                {
                    "engine": "Google",
                    "type": "Detected"
                },
                {
                    "engine": "Yandex",
                    "type": "EICAR_test_file"
                },
                {
                    "engine": "Fortinet",
                    "type": "EICAR_TEST_FILE"
                },
                {
                    "engine": "alibabacloud",
                    "type": "Suspicious"
                }
            ],
            "message": "Scan results found for file."
        }
    },
    {
        "timestamp": "2025-05-30T20:15:35.101902",
        "filename": "operatingsystem1.pptx",
        "file_hash": "2517cb27a70591862da982443ee39619b570b0af585108d76291da35a8449cf5",
        "result": {
            "malicious": 0,
            "harmless": 0,
            "suspicious": 0,
            "undetected": 0,
            "virus_details": [],
            "message": "Scan results found for file."
        }
    },
    {
        "timestamp": "2025-05-30T20:15:31.005755",
        "filename": "operatingsystem1.pptx",
        "file_hash": "2517cb27a70591862da982443ee39619b570b0af585108d76291da35a8449cf5",
        "result": {
            "malicious": 0,
            "virus_details": [],
            "message": "File uploaded to VirusTotal for scanning. Check back later for results."
        }
    },
    {
        "timestamp": "2025-05-30T20:12:28.121432",
        "filename": "REPORT_ON_INDUSTRIAL_TRAINING__Jyothsnasree_1.pdf",
        "file_hash": "5ea203079a432ecf4bf306fd12bfa34aa34de8693f63ce56592591d2cb493aee",
        "result": {
            "malicious": 0,
            "harmless": 0,
            "suspicious": 0,
            "undetected": 0,
            "virus_details": [],
            "message": "Scan results found for file."
        }
    },
    {
        "timestamp": "2025-05-30T20:12:22.386287",
        "filename": "REPORT_ON_INDUSTRIAL_TRAINING__Jyothsnasree_1.pdf",
        "file_hash": "5ea203079a432ecf4bf306fd12bfa34aa34de8693f63ce56592591d2cb493aee",
        "result": {
            "malicious": 0,
            "virus_details": [],
            "message": "File uploaded to VirusTotal for scanning. Check back later for results."
        }
    }
]